"id","created_at","text","feed_id","parent_comment_id","user_id"
1,2024-06-18 10:08:15.109,맞아요. 오늘 날씨가 정말 좋은 것 같아요.,1,,cake
2,2024-06-18 10:08:15.109,산책하기 딱 좋은 날씨에요ㅎㅎ,1,1,rose
3,2024-06-18 10:08:15.109,저도 스키장 가고 싶어요.,3,,ham
4,2024-06-18 10:08:15.109,지금도 더운데 여름되면 얼마나 더 더울까요ㅠㅠ 겨울이 그리워요.,3,,rose
5,2024-06-18 10:08:15.109,사실 저는 추운거 싫어해서 겨울 별로 좋아하지 않아요ㅋㅋ,3,4,cake
